{"Model": "MLP", "DatasetInfo": {"Name": "Greyscale CIFAR-10", "TrainSize": 50000, "TestSize": 10000, "Classes": 10, "ElementSize": "1024x1"}, "TrainingInfo": {"Epochs": 100, "BatchSz": 200}, "OptimizerInfo": {"Optimizer": "Adam", "Alpha": 0.002}}
{"Mode": "Testing", "Locale": {"Epoch": 1, "Batch": 1}, "Results": {"Acc": 0.37880000472068787, "Loss": 1.7227312326431274}}
{"Mode": "Testing", "Locale": {"Epoch": 2, "Batch": 1}, "Results": {"Acc": 0.42239999771118164, "Loss": 1.6166812181472778}}
{"Mode": "Testing", "Locale": {"Epoch": 3, "Batch": 1}, "Results": {"Acc": 0.4575999975204468, "Loss": 1.5429768562316895}}
{"Mode": "Testing", "Locale": {"Epoch": 4, "Batch": 1}, "Results": {"Acc": 0.45980000495910645, "Loss": 1.5010170936584473}}
{"Mode": "Testing", "Locale": {"Epoch": 5, "Batch": 1}, "Results": {"Acc": 0.47909998893737793, "Loss": 1.4658379554748535}}
{"Mode": "Testing", "Locale": {"Epoch": 6, "Batch": 1}, "Results": {"Acc": 0.4742000102996826, "Loss": 1.4683438539505005}}
{"Mode": "Testing", "Locale": {"Epoch": 7, "Batch": 1}, "Results": {"Acc": 0.47929999232292175, "Loss": 1.4556320905685425}}
{"Mode": "Testing", "Locale": {"Epoch": 8, "Batch": 1}, "Results": {"Acc": 0.48080000281333923, "Loss": 1.4594266414642334}}
{"Mode": "Testing", "Locale": {"Epoch": 9, "Batch": 1}, "Results": {"Acc": 0.4869000017642975, "Loss": 1.4624871015548706}}
{"Mode": "Testing", "Locale": {"Epoch": 10, "Batch": 1}, "Results": {"Acc": 0.4830000102519989, "Loss": 1.461805820465088}}
{"Mode": "Testing", "Locale": {"Epoch": 11, "Batch": 1}, "Results": {"Acc": 0.5015000104904175, "Loss": 1.4052504301071167}}
{"Mode": "Testing", "Locale": {"Epoch": 12, "Batch": 1}, "Results": {"Acc": 0.5074999928474426, "Loss": 1.392121434211731}}
{"Mode": "Testing", "Locale": {"Epoch": 13, "Batch": 1}, "Results": {"Acc": 0.49810001254081726, "Loss": 1.3983864784240723}}
{"Mode": "Testing", "Locale": {"Epoch": 14, "Batch": 1}, "Results": {"Acc": 0.5029000043869019, "Loss": 1.3929431438446045}}
{"Mode": "Testing", "Locale": {"Epoch": 15, "Batch": 1}, "Results": {"Acc": 0.5156999826431274, "Loss": 1.3802101612091064}}
{"Mode": "Testing", "Locale": {"Epoch": 16, "Batch": 1}, "Results": {"Acc": 0.5148000121116638, "Loss": 1.3706640005111694}}
{"Mode": "Testing", "Locale": {"Epoch": 17, "Batch": 1}, "Results": {"Acc": 0.5192000269889832, "Loss": 1.3736658096313477}}
{"Mode": "Testing", "Locale": {"Epoch": 18, "Batch": 1}, "Results": {"Acc": 0.521399974822998, "Loss": 1.3661980628967285}}
{"Mode": "Testing", "Locale": {"Epoch": 19, "Batch": 1}, "Results": {"Acc": 0.5105000138282776, "Loss": 1.3914347887039185}}
{"Mode": "Testing", "Locale": {"Epoch": 20, "Batch": 1}, "Results": {"Acc": 0.5160999894142151, "Loss": 1.362144947052002}}
{"Mode": "Testing", "Locale": {"Epoch": 21, "Batch": 1}, "Results": {"Acc": 0.5130000114440918, "Loss": 1.3951727151870728}}
{"Mode": "Testing", "Locale": {"Epoch": 22, "Batch": 1}, "Results": {"Acc": 0.5157999992370605, "Loss": 1.3928818702697754}}
{"Mode": "Testing", "Locale": {"Epoch": 23, "Batch": 1}, "Results": {"Acc": 0.5167999863624573, "Loss": 1.3777093887329102}}
{"Mode": "Testing", "Locale": {"Epoch": 24, "Batch": 1}, "Results": {"Acc": 0.5112000107765198, "Loss": 1.4195562601089478}}
{"Mode": "Testing", "Locale": {"Epoch": 25, "Batch": 1}, "Results": {"Acc": 0.5224000215530396, "Loss": 1.3955849409103394}}
{"Mode": "Testing", "Locale": {"Epoch": 26, "Batch": 1}, "Results": {"Acc": 0.5066999793052673, "Loss": 1.4373931884765625}}
{"Mode": "Testing", "Locale": {"Epoch": 27, "Batch": 1}, "Results": {"Acc": 0.5235999822616577, "Loss": 1.4037984609603882}}
{"Mode": "Testing", "Locale": {"Epoch": 28, "Batch": 1}, "Results": {"Acc": 0.5153999924659729, "Loss": 1.440691351890564}}
{"Mode": "Testing", "Locale": {"Epoch": 29, "Batch": 1}, "Results": {"Acc": 0.5170999765396118, "Loss": 1.446144700050354}}
{"Mode": "Testing", "Locale": {"Epoch": 30, "Batch": 1}, "Results": {"Acc": 0.516700029373169, "Loss": 1.4469033479690552}}
{"Mode": "Testing", "Locale": {"Epoch": 31, "Batch": 1}, "Results": {"Acc": 0.5157999992370605, "Loss": 1.4418500661849976}}
{"Mode": "Testing", "Locale": {"Epoch": 32, "Batch": 1}, "Results": {"Acc": 0.5095999836921692, "Loss": 1.4672129154205322}}
{"Mode": "Testing", "Locale": {"Epoch": 33, "Batch": 1}, "Results": {"Acc": 0.5217000246047974, "Loss": 1.4892935752868652}}
{"Mode": "Testing", "Locale": {"Epoch": 34, "Batch": 1}, "Results": {"Acc": 0.5185999870300293, "Loss": 1.500179648399353}}
{"Mode": "Testing", "Locale": {"Epoch": 35, "Batch": 1}, "Results": {"Acc": 0.5202999711036682, "Loss": 1.4843738079071045}}
{"Mode": "Testing", "Locale": {"Epoch": 36, "Batch": 1}, "Results": {"Acc": 0.5153999924659729, "Loss": 1.5219075679779053}}
{"Mode": "Testing", "Locale": {"Epoch": 37, "Batch": 1}, "Results": {"Acc": 0.5149999856948853, "Loss": 1.5275578498840332}}
{"Mode": "Testing", "Locale": {"Epoch": 38, "Batch": 1}, "Results": {"Acc": 0.5113000273704529, "Loss": 1.5472593307495117}}
{"Mode": "Testing", "Locale": {"Epoch": 39, "Batch": 1}, "Results": {"Acc": 0.5145999789237976, "Loss": 1.5548410415649414}}
{"Mode": "Testing", "Locale": {"Epoch": 40, "Batch": 1}, "Results": {"Acc": 0.5098000168800354, "Loss": 1.6324756145477295}}
{"Mode": "Testing", "Locale": {"Epoch": 41, "Batch": 1}, "Results": {"Acc": 0.5126000046730042, "Loss": 1.604244589805603}}
{"Mode": "Testing", "Locale": {"Epoch": 42, "Batch": 1}, "Results": {"Acc": 0.5062999725341797, "Loss": 1.6501820087432861}}
{"Mode": "Testing", "Locale": {"Epoch": 43, "Batch": 1}, "Results": {"Acc": 0.5120999813079834, "Loss": 1.6220312118530273}}
{"Mode": "Testing", "Locale": {"Epoch": 44, "Batch": 1}, "Results": {"Acc": 0.5156000256538391, "Loss": 1.642143964767456}}
{"Mode": "Testing", "Locale": {"Epoch": 45, "Batch": 1}, "Results": {"Acc": 0.5224000215530396, "Loss": 1.6368067264556885}}
{"Mode": "Testing", "Locale": {"Epoch": 46, "Batch": 1}, "Results": {"Acc": 0.5103999972343445, "Loss": 1.6291598081588745}}
{"Mode": "Testing", "Locale": {"Epoch": 47, "Batch": 1}, "Results": {"Acc": 0.5091999769210815, "Loss": 1.6987396478652954}}
{"Mode": "Testing", "Locale": {"Epoch": 48, "Batch": 1}, "Results": {"Acc": 0.49799999594688416, "Loss": 1.7713980674743652}}
{"Mode": "Testing", "Locale": {"Epoch": 49, "Batch": 1}, "Results": {"Acc": 0.5120000243186951, "Loss": 1.6948195695877075}}
{"Mode": "Testing", "Locale": {"Epoch": 50, "Batch": 1}, "Results": {"Acc": 0.5101000070571899, "Loss": 1.7851226329803467}}
{"Mode": "Testing", "Locale": {"Epoch": 51, "Batch": 1}, "Results": {"Acc": 0.5098999738693237, "Loss": 1.7662476301193237}}
{"Mode": "Testing", "Locale": {"Epoch": 52, "Batch": 1}, "Results": {"Acc": 0.5159000158309937, "Loss": 1.7790582180023193}}
{"Mode": "Testing", "Locale": {"Epoch": 53, "Batch": 1}, "Results": {"Acc": 0.4973999857902527, "Loss": 1.8738361597061157}}
{"Mode": "Testing", "Locale": {"Epoch": 54, "Batch": 1}, "Results": {"Acc": 0.49939998984336853, "Loss": 1.8649039268493652}}
{"Mode": "Testing", "Locale": {"Epoch": 55, "Batch": 1}, "Results": {"Acc": 0.5134999752044678, "Loss": 1.8185029029846191}}
{"Mode": "Testing", "Locale": {"Epoch": 56, "Batch": 1}, "Results": {"Acc": 0.5056999921798706, "Loss": 1.8814679384231567}}
{"Mode": "Testing", "Locale": {"Epoch": 57, "Batch": 1}, "Results": {"Acc": 0.5051000118255615, "Loss": 1.834949016571045}}
{"Mode": "Testing", "Locale": {"Epoch": 58, "Batch": 1}, "Results": {"Acc": 0.5012000203132629, "Loss": 1.9085745811462402}}
{"Mode": "Testing", "Locale": {"Epoch": 59, "Batch": 1}, "Results": {"Acc": 0.49729999899864197, "Loss": 1.871471643447876}}
{"Mode": "Testing", "Locale": {"Epoch": 60, "Batch": 1}, "Results": {"Acc": 0.49149999022483826, "Loss": 1.9382051229476929}}
{"Mode": "Testing", "Locale": {"Epoch": 61, "Batch": 1}, "Results": {"Acc": 0.5060999989509583, "Loss": 1.9516960382461548}}
{"Mode": "Testing", "Locale": {"Epoch": 62, "Batch": 1}, "Results": {"Acc": 0.503000020980835,