{"Model": "CNN", "DatasetInfo": {"Name": "CIFAR-10", "TrainSize": 50000, "TestSize": 10000, "Classes": 10, "ElementSize": "32x32x3"}, "TrainingInfo": {"Epochs": 100, "BatchSz": 200}, "OptimizerInfo": {"Optimizer": "Adam", "Alpha": 0.002}}
{"Mode": "Testing", "Locale": {"Epoch": 1, "Batch": 1}, "Results": {"Acc": 0.33739998936653137, "Loss": 1.7736246585845947}}
{"Mode": "Testing", "Locale": {"Epoch": 2, "Batch": 1}, "Results": {"Acc": 0.4034000039100647, "Loss": 1.6013658046722412}}
{"Mode": "Testing", "Locale": {"Epoch": 3, "Batch": 1}, "Results": {"Acc": 0.4171000123023987, "Loss": 1.5819119215011597}}
{"Mode": "Testing", "Locale": {"Epoch": 4, "Batch": 1}, "Results": {"Acc": 0.46720001101493835, "Loss": 1.438416838645935}}
{"Mode": "Testing", "Locale": {"Epoch": 5, "Batch": 1}, "Results": {"Acc": 0.4738999903202057, "Loss": 1.4196940660476685}}
{"Mode": "Testing", "Locale": {"Epoch": 6, "Batch": 1}, "Results": {"Acc": 0.5062000155448914, "Loss": 1.3525394201278687}}
{"Mode": "Testing", "Locale": {"Epoch": 7, "Batch": 1}, "Results": {"Acc": 0.5249000191688538, "Loss": 1.312910795211792}}
{"Mode": "Testing", "Locale": {"Epoch": 8, "Batch": 1}, "Results": {"Acc": 0.5228999853134155, "Loss": 1.3285433053970337}}
{"Mode": "Testing", "Locale": {"Epoch": 9, "Batch": 1}, "Results": {"Acc": 0.5467000007629395, "Loss": 1.2653425931930542}}
{"Mode": "Testing", "Locale": {"Epoch": 10, "Batch": 1}, "Results": {"Acc": 0.5368000268936157, "Loss": 1.2716823816299438}}
{"Mode": "Testing", "Locale": {"Epoch": 11, "Batch": 1}, "Results": {"Acc": 0.5651000142097473, "Loss": 1.2194592952728271}}
{"Mode": "Testing", "Locale": {"Epoch": 12, "Batch": 1}, "Results": {"Acc": 0.5565000176429749, "Loss": 1.2681001424789429}}
{"Mode": "Testing", "Locale": {"Epoch": 13, "Batch": 1}, "Results": {"Acc": 0.5655999779701233, "Loss": 1.2036054134368896}}
{"Mode": "Testing", "Locale": {"Epoch": 14, "Batch": 1}, "Results": {"Acc": 0.5885000228881836, "Loss": 1.1521244049072266}}
{"Mode": "Testing", "Locale": {"Epoch": 15, "Batch": 1}, "Results": {"Acc": 0.578499972820282, "Loss": 1.1803070306777954}}
{"Mode": "Testing", "Locale": {"Epoch": 16, "Batch": 1}, "Results": {"Acc": 0.5866000056266785, "Loss": 1.1654670238494873}}
{"Mode": "Testing", "Locale": {"Epoch": 17, "Batch": 1}, "Results": {"Acc": 0.5950000286102295, "Loss": 1.14984929561615}}
{"Mode": "Testing", "Locale": {"Epoch": 18, "Batch": 1}, "Results": {"Acc": 0.589900016784668, "Loss": 1.1508855819702148}}
{"Mode": "Testing", "Locale": {"Epoch": 19, "Batch": 1}, "Results": {"Acc": 0.597599983215332, "Loss": 1.137615442276001}}
{"Mode": "Testing", "Locale": {"Epoch": 20, "Batch": 1}, "Results": {"Acc": 0.5771999955177307, "Loss": 1.1757839918136597}}
{"Mode": "Testing", "Locale": {"Epoch": 21, "Batch": 1}, "Results": {"Acc": 0.6069999933242798, "Loss": 1.1147819757461548}}
{"Mode": "Testing", "Locale": {"Epoch": 22, "Batch": 1}, "Results": {"Acc": 0.6064000129699707, "Loss": 1.1262295246124268}}
{"Mode": "Testing", "Locale": {"Epoch": 23, "Batch": 1}, "Results": {"Acc": 0.6172999739646912, "Loss": 1.0901902914047241}}
{"Mode": "Testing", "Locale": {"Epoch": 24, "Batch": 1}, "Results": {"Acc": 0.6233999729156494, "Loss": 1.0887669324874878}}
{"Mode": "Testing", "Locale": {"Epoch": 25, "Batch": 1}, "Results": {"Acc": 0.5903000235557556, "Loss": 1.209291934967041}}
{"Mode": "Testing", "Locale": {"Epoch": 26, "Batch": 1}, "Results": {"Acc": 0.5990999937057495, "Loss": 1.1397172212600708}}
{"Mode": "Testing", "Locale": {"Epoch": 27, "Batch": 1}, "Results": {"Acc": 0.6226999759674072, "Loss": 1.0846556425094604}}
{"Mode": "Testing", "Locale": {"Epoch": 28, "Batch": 1}, "Results": {"Acc": 0.6198999881744385, "Loss": 1.119522213935852}}
{"Mode": "Testing", "Locale": {"Epoch": 29, "Batch": 1}, "Results": {"Acc": 0.6230000257492065, "Loss": 1.0913482904434204}}
{"Mode": "Testing", "Locale": {"Epoch": 30, "Batch": 1}, "Results": {"Acc": 0.631600022315979, "Loss": 1.0784997940063477}}
{"Mode": "Testing", "Locale": {"Epoch": 31, "Batch": 1}, "Results": {"Acc": 0.6207000017166138, "Loss": 1.098730206489563}}
{"Mode": "Testing", "Locale": {"Epoch": 32, "Batch": 1}, "Results": {"Acc": 0.619700014591217, "Loss": 1.1252779960632324}}
{"Mode": "Testing", "Locale": {"Epoch": 33, "Batch": 1}, "Results": {"Acc": 0.6234999895095825, "Loss": 1.1295181512832642}}
{"Mode": "Testing", "Locale": {"Epoch": 34, "Batch": 1}, "Results": {"Acc": 0.6283000111579895, "Loss": 1.1054017543792725}}
{"Mode": "Testing", "Locale": {"Epoch": 35, "Batch": 1}, "Results": {"Acc": 0.630299985408783, "Loss": 1.097670316696167}}
{"Mode": "Testing", "Locale": {"Epoch": 36, "Batch": 1}, "Results": {"Acc": 0.6050000190734863, "Loss": 1.1853159666061401}}
{"Mode": "Testing", "Locale": {"Epoch": 37, "Batch": 1}, "Results": {"Acc": 0.6187000274658203, "Loss": 1.1352125406265259}}
{"Mode": "Testing", "Locale": {"Epoch": 38, "Batch": 1}, "Results": {"Acc": 0.6294000148773193, "Loss": 1.1118580102920532}}
{"Mode": "Testing", "Locale": {"Epoch": 39, "Batch": 1}, "Results": {"Acc": 0.6273999810218811, "Loss": 1.1285525560379028}}
{"Mode": "Testing", "Locale": {"Epoch": 40, "Batch": 1}, "Results": {"Acc": 0.6251000165939331, "Loss": 1.1224342584609985}}
{"Mode": "Testing", "Locale": {"Epoch": 41, "Batch": 1}, "Results": {"Acc": 0.6216999888420105, "Loss": 1.1519800424575806}}
{"Mode": "Testing", "Locale": {"Epoch": 42, "Batch": 1}, "Results": {"Acc": 0.6107000112533569, "Loss": 1.1972063779830933}}
{"Mode": "Testing", "Locale": {"Epoch": 43, "Batch": 1}, "Results": {"Acc": 0.6179999709129333, "Loss": 1.1748045682907104}}
{"Mode": "Testing", "Locale": {"Epoch": 44, "Batch": 1}, "Results": {"Acc": 0.6215000152587891, "Loss": 1.1670386791229248}}
{"Mode": "Testing", "Locale": {"Epoch": 45, "Batch": 1}, "Results": {"Acc": 0.6150000095367432, "Loss": 1.2152341604232788}}
{"Mode": "Testing", "Locale": {"Epoch": 46, "Batch": 1}, "Results": {"Acc": 0.6281999945640564, "Loss": 1.1829469203948975}}
{"Mode": "Testing", "Locale": {"Epoch": 47, "Batch": 1}, "Results": {"Acc": 0.6240000128746033, "Loss": 1.1833229064941406}}
{"Mode": "Testing", "Locale": {"Epoch": 48, "Batch": 1}, "Results": {"Acc": 0.6227999925613403, "Loss": 1.2342029809951782}}
{"Mode": "Testing", "Locale": {"Epoch": 49, "Batch": 1}, "Results": {"Acc": 0.6234999895095825, "Loss": 1.212721586227417}}
{"Mode": "Testing", "Locale": {"Epoch": 50, "Batch": 1}, "Results": {"Acc": 0.6171000003814697, "Loss": 1.234573245048523}}
{"Mode": "Testing", "Locale": {"Epoch": 51, "Batch": 1}, "Results": {"Acc": 0.6220999956130981, "Loss": 1.2167164087295532}}
{"Mode": "Testing", "Locale": {"Epoch": 52, "Batch": 1}, "Results": {"Acc": 0.6193000078201294, "Loss": 1.2405602931976318}}
{"Mode": "Testing", "Locale": {"Epoch": 53, "Batch": 1}, "Results": {"Acc": 0.6255000233650208, "Loss": 1.242641568183899}}
{"Mode": "Testing", "Locale": {"Epoch": 54, "Batch": 1}, "Results": {"Acc": 0.5968999862670898, "Loss": 1.3653043508529663}}
{"Mode": "Testing", "Locale": {"Epoch": 55, "Batch": 1}, "Results": {"Acc": 0.6162999868392944, "Loss": 1.2969878911972046}}
{"Mode": "Testing", "Locale": {"Epoch": 56, "Batch": 1}, "Results": {"Acc": 0.6047000288963318, "Loss": 1.3345491886138916}}
{"Mode": "Testing", "Locale": {"Epoch": 57, "Batch": 1}, "Results": {"Acc": 0.611299991607666, "Loss": 1.343386173248291}}
{"Mode": "Testing", "Locale": {"Epoch": 58, "Batch": 1}, "Results": {"Acc": 0.6251000165939331, "Loss": 1.2769417762756348}}
{"Mode": "Testing", "Locale": {"Epoch": 59, "Batch": 1}, "Results": {"Acc": 0.6184999942779541, "Loss": 1.3260390758514404}}
{"Mode": "Testing", "Locale": {"Epoch": 60, "Batch": 1}, "Results": {"Acc": 0.6026999950408936, "Loss": 1.3814021348953247}}
{"Mode": "Testing", "Locale": {"Epoch": 61, "Batch": 1}, "Results": {"Acc": 0.6164000034332275, "Loss": 1.3591580390930176}}
{"Mode": "Testing", "Locale": {"Epoch": 62, "Batch": 1}, "Results": {"Acc": 0.6176999807357788, "Loss": 1.396298885345459}}
{"Mode": "Testing",